"inexpensive,"
"monitor,"
"screen,picture quality,"
"monitor,picture quality,"
"screen,"
"Display,"
"monitor,"
"monitor,color,"
"size,"
"computer,quality,"
"keyboard,quality,"
"speed,quality,"
"laptop,quality,"
"windows 7 premium,"
"slower,screen quality,hard drive,"
"screen,"
"machine,"
"light-weight,"
"light-weight,device,"
"netbook,"
"monitor,"
"picture,"
"speaker,monitor,"
"netbook,"
"lighter,functionality,"
"price,"
"Color,contrast,"
"product,"
"clicker,mouse pad,"
"monitor,"
"image,"
"small,computer,"
"performance,"
"computer,"
"run,"
"keyboard,"
"computer,"
"netbook,"
"download,run,"
"product,price,"
"Acer Monitor,"
"hook up,"
"picture,"
"monitor,"
"design,price,"
"direct Elictrical connectivity,connect,"
"quality of picture,DVI Connection,VGA Connection,"
"LCD monitor,"
"remote control,"
"screen quality,side view,"
"price,"
"price,"
"vga connection,"
"color,brightness,pixel quality,"
"monitor,resolution,"
"monitor,price,"
"monitor,"
"widescreen,"
"color,"
"backlight,"
"Acer tech support,"
"Acer,"
"monitor,"
"backlight,"
"product,"
"portability,battery life,"
"slow,system,"
"battery,"
"technical support,"
"netbook,light,"
"Screen brightness,"
"Sound,size,"
"cheap,netbook,"
"delivering,"
"Office Starter Web Cam,weight,"
"monitor,price,cable hook ups,"
"monitor,"
"color display,picture,size,"
"Fits,"
"images,text,fonts,"
"price,"
"monitor,"
"set up,pixels,price,LCD monitor,"
"items,"
"Acer stuff,"
"Acer Monitor,screen,design,"
"brighter,weighs,"
"set up,"
"monitor,price,"
"clarity,sharpness,"
"sleek,monitor,"
"product,unbox,install,"
"ACER widescreen,ULTRA Slim monitor,"
"video cable,fit into the socket,"
"display,price,"
"monitor,"
"monitor,"
"display,"
"bright,"
"bright,"
"quality,"
"widescreen monitor,"
"faster,"
"Battery,"
"price,"
"Netbook,Customer service,"
"monitor,price,picture,"
"Fits,"
"distort,video,picture,"
"Acer product,"
"monitor,Size,looking,3d,"
"monitor,"
"Acer,"
"compact,"
"Acer Netbook Aspire One,computer,pretty,quality,quiet,heated,keyboard,laid out,screen functions,"
"laptop,"
"expensive,design,"
"color,"
"weight,"
"images,"
"Delivery,"
"Monitor,set up,"
"increased memory option,"
"size,"
"monitor,speaker,"
"image,"
"small,"
"delivery,"
"price,"
"LED monitor,"
"Image,"
"worked,"
"cheap,"
"screen,"
"color,"
"color,"
"display,"
"weight,battery life,keyboard,screen,heat up,HDMI output,local HD decoding,audio volume,"
"switch,"
"monitor,"
"color,viewing angle,quality,"
"stand,"
"monitor,"
"height adjustability,"
"monitor,"
"battery life,screen resolution,"
"features,performance,"
"convenient,"
"keyboard,"
"monitor,"
"clarity,contrast,"
"shipping,"
"shipping,"
"stand,monitor,"
"monitor,"
"view angle,"
"dead pixels,color bleeding,"
"netbook,fast,"
"Acer 19-inch flat screen monitor,"
"screen,"
"product,"
"picture,color,weight,"
"price,"
"monitor,price,"
"monitor,"
"service,support,"
"monitor,"
"chat support,repair technicians,"
"repair team,"
"repair technicians,"
"color,"
"resolution,"
"price,"
"viewing angle,"
"monitor,price,"
"smooth,"
"GPU hardware acceleration,"
"laptop,small,"
"image quality,"
"contrast,brightness,viewing angles,"
"computer,"
"beeps,"
"computer,customer service,"
"customer service,"
"shipping service,"
"fits,"
"monitor,display,"
"instructions,"
"keyboard connector,"
"machine,Acer,"
"Acer product,"
"brightness,"
"screen,color,"
"monitor,"
"color,price,"
"display,"
"lines,viewing angle,price,"
"AG Neovo 's standout 17 '' monitor,"
"contrast,crispness,readability,viewing angles,"
"display,"
"Expensive,"
"color,"
"device,"
"switch,"
"5-day forecaster,"
"product,"
"color,brightness,"
"panel,"
"viewing angles,"
"monitor,price,"
"Shipping,set up,"
"dead pixels,"
"Brightness,viewing angle,price,"
"price,"
"instructions,"
"running,picture,"
"video card,"
"monitor,"
"monitor,"
"machine,"
"heat dissipation,"
"display,text rendering,"
"machine,"
"small,"
"Superdrive,WiFi\/Bluetooth modules,"
"wireless keyboard,mouse,"
"memory,"
"value,"
"insurance,"
"works,"
"sound,"
"support,"
"product,"
"expensive,"
"product,"
"price,"
"display,"
"incompatibility,"
